variant_key	SV_type	SS	SR	PR	PR/SR	ND	ND2	is_correct
chr1:5169029:T:T]chr5:56431587]	BND	39	3	3	1	6.4658	6.5875	FALSE
chr1:8092067:A:]chr6:71895077]A	BND	37	3	3	1	5.9753	6.4658	FALSE
chr1:9036742:T:]chr3:32856490]T	BND	39	3	3	1	5.9753	6.5875	FALSE
chr1:15795826:G:G]chr15:31980952]	BND	37	3	3	1	6.8299	6.8635	FALSE
chr1:23098293:G:G]chr5:53575060]	BND	459	69	96	1.39130434782609	6.8142	6.8635	FALSE
chr1:29617636:T:]chr3:66826781]T	BND	43	3	3	1	6.8142	7.0053	FALSE
chr1:39740742:T:]chr8:102744694]T	BND	39	3	3	1	7.0053	7.0636	FALSE
chr1:40928496:C:<INV>	INV	33	3	3	1	NA	NA	FALSE
chr1:51318428:A:A[chr13:37212179[	BND	43	4	4	1	5.9914	6.6694	FALSE
chr1:52298785:T:T]chr21:16299096]	BND	42	3	3	1	5.9914	6.5671	FALSE
chr1:53741794:T:<INV>	INV	32	3	3	1	NA	NA	FALSE
chr1:55989505:T:TT[chr2:230117329[	BND	41	3	3	1	6.5671	6.6694	FALSE
chr1:61122791:T:[chr10:84983484[T	BND	42	3	3	1	6.7104	6.7957	FALSE
chr1:67370196:T:T]chr14:49503654]	BND	39	3	3	1	6.7572	6.7957	FALSE
chr1:73087179:A:[chr4:149145834[A	BND	30	2	2	1	6.5807	6.7089	FALSE
chr1:76895610:C:[chr3:66425280[C	BND	43	3	3	1	6.1164	6.5807	FALSE
chr1:78202990:C:C]chr12:56495311]	BND	43	3	3	1	6.1164	6.7089	FALSE
chr1:83999482:A:[chr12:71430752[A	BND	44	3	3	1	6.403	6.7632	FALSE
chr1:86528735:T:T[chr15:51022976[	BND	40	3	3	1	6.403	6.5629	FALSE
chr1:90184099:T:[chr19:39571109[T	BND	42	3	3	1	6.4983	6.5629	FALSE
chr1:93333938:T:T]chr2:73788808]	BND	39	3	3	1	6.4983	6.8328	FALSE
chr1:105787335:A:A]chr3:199799537]	BND	45	5	5	1	6.3278	6.5206	FALSE
chr1:107914465:C:[chr4:115351741[C	BND	44	3	3	1	6.0752	6.3278	FALSE
chr1:109103554:T:[chr7:128286452[T	BND	40	3	3	1	6.0752	6.5206	FALSE
chr1:113720792:A:A[chr10:92557334[	BND	41	3	3	1	6.6644	6.7639	FALSE
chr1:126299988:G:G[chrX:99811411[	BND	38	3	3	1	7.0997	7.2354	FALSE
chr1:151188174:T:TT[chr7:111959465[	BND	38	3	3	1	6.8062	6.9085	FALSE
chr1:157587945:A:]chr18:5326596]A	BND	39	3	3	1	6.2306	6.7559	FALSE
chr1:159288712:C:CA]chr20:40919595]	BND	37	3	3	1	6.2306	6.6021	FALSE
chr1:163288814:G:G[chr13:91782121[	BND	39	3	3	1	6.2265	6.3957	FALSE
chr1:164973240:T:]chrX:50523126]T	BND	40	3	3	1	5.9047	6.2265	FALSE
chr1:165776168:G:G[chr15:66377329[	BND	41	4	4	1	5.9047	6.3957	FALSE
chr1:169728412:T:T[chr10:46086814[	BND	39	3	3	1	6.5968	6.6772	FALSE
chr1:191794122:G:G[chr8:48984029[	BND	37	3	3	1	6.5141	6.7378	FALSE
chr1:195060493:T:TA]chr10:66282287]	BND	39	3	3	1	6.3426	6.5141	FALSE
chr1:197261492:C:[chr6:86764537[C	BND	41	3	3	1	6.3426	6.7378	FALSE
chr1:204401353:A:AAT[chr13:30641131[	BND	38	3	3	1	6.6283	6.8421	FALSE
chr1:208650242:G:]chr11:100495413]G	BND	38	3	3	1	6.432	6.626	FALSE
chr1:211353992:A:A]chr2:79695083]	BND	38	3	3	1	6.1828	6.432	FALSE
chr1:212877358:T:T[chr4:98321356[	BND	32	6	3	0.5	6.1828	6.2647	FALSE
chr1:214716810:T:]chr13:44214211]T	BND	37	3	3	1	6.2647	6.5267	FALSE
chr1:219106879:T:]chr8:128397099]AT	BND	35	3	3	1	6.451	6.6425	FALSE
chr1:221931961:T:T[chr11:57440262[	BND	38	3	3	1	6.451	6.5354	FALSE
chr1:225362819:T:T[chr8:107672686[	BND	39	3	3	1	6.5354	6.7963	FALSE
chr1:232586931:A:A[chr5:114765817[	BND	45	4	4	1	6.8588	6.8894	FALSE
chr1:240339554:A:]chr2:240692242]TA	BND	39	3	3	1	6.0622	6.5796	FALSE
chr1:241493641:C:]chr12:115842722]C	BND	40	3	3	1	6.0622	6.4223	FALSE
chr1:244137615:G:]chr11:9572753]G	BND	38	3	3	1	5.2314	6.1483	FALSE
chr1:244308004:G:]chr4:154822977]G	BND	40	3	3	1	5.2314	6.0923	FALSE
chr1:245544747:A:A[chr5:25319855[	BND	30	3	3	1	6.0923	6.1483	FALSE
chr2:6207410:G:[chr15:32924749[G	BND	38	3	3	1	6.5816	7.1106	FALSE
chr2:10023530:A:[chr12:55984739[A	BND	38	3	3	1	6.5816	6.9582	FALSE
chr2:19106888:G:]chr9:22808104]G	BND	37	3	3	1	5.8431	6.4513	FALSE
chr2:19803595:C:[chr20:50367884[C	BND	36	3	3	1	5.8431	6.3284	FALSE
chr2:21933757:G:]chr12:28854515]G	BND	39	3	3	1	6.0905	6.3284	FALSE
chr2:23165409:A:A[chr19:11116279[	BND	40	3	3	1	6.0905	6.5266	FALSE
chr2:28119498:C:]chr10:1586495]C	BND	40	3	3	1	6.6242	6.695	FALSE
chr2:32328287:T:[chr10:62499814[AT	BND	39	3	3	1	6.2721	6.3234	FALSE
chr2:34199412:A:]chr12:83679199]A	BND	40	3	3	1	5.3706	6.2721	FALSE
chr2:34434171:C:C]chr9:90375195]	BND	41	3	3	1	5.3706	6.2911	FALSE
chr2:36389177:G:[chr3:35322328[G	BND	40	3	3	1	6.2911	6.3404	FALSE
chr2:52073329:T:]chr15:92057551]T	BND	37	3	3	1	6.774	6.9728	FALSE
chr2:58015627:T:]chr3:153132086]TT	BND	40	4	4	1	6.5378	6.774	FALSE
chr2:61465551:T:[chr3:155313806[T	BND	38	3	3	1	6.5378	6.9728	FALSE
chr2:73788804:G:G]chr1:93333942]	BND	39	3	3	1	6.282	6.7135	FALSE
chr2:75702916:A:[chr12:75696145[A	BND	40	3	3	1	6.282	6.5127	FALSE
chr2:78959100:C:[chr11:65147548[GC	BND	37	3	3	1	5.8669	6.5127	FALSE
chr2:79695083:A:A]chr1:211353992]	BND	38	3	3	1	5.8669	6.4795	FALSE
chr2:80401586:C:<INV>	INV	247	50	56	1.12	NA	NA	FALSE
chr2:82711740:G:G]chr20:40157725]	BND	388	96	108	1.125	5.3445	6.4795	FALSE
chr2:82932814:T:[chr8:124209172[T	BND	37	3	3	1	5.3445	6.5102	FALSE
chr2:96503349:G:<DEL>	DEL	39	3	3	1	NA	NA	FALSE
chr2:96932224:T:]chr11:6472308]T	BND	39	3	3	1	6.6714	7.0608	FALSE
chr2:101624142:G:G[chr3:195524588[	BND	31	2	2	1	6.6714	6.8333	FALSE
chr2:108435769:T:T[chr9:93797827[	BND	41	3	3	1	6.682	6.8333	FALSE
chr2:113243727:T:T]chr10:88705835]	BND	44	4	4	1	6.4835	6.5095	FALSE
chr2:116288004:T:T[chr10:120613726[	BND	39	3	3	1	5.2736	6.4835	FALSE
chr2:116475753:A:AA]chr16:13217898]	BND	30	2	2	1	5.2736	6.5095	FALSE
chr2:127281471:A:A[chr15:84013863[	BND	39	3	3	1	6.2005	7.0337	FALSE
chr2:128868086:A:A]chr3:147483059]	BND	37	3	3	1	6.2005	7.0932	FALSE
chr2:145445611:A:[chr4:173245533[A	BND	30	2	2	1	5.6062	6.846	FALSE
chr2:145849468:C:[chr9:144701397[C	BND	41	3	3	1	5.6062	6.8203	FALSE
chr2:152460823:G:G]chr20:60259638]	BND	38	4	4	1	6.8203	6.8439	FALSE
chr2:159441089:A:]chr11:1171463]A	BND	43	5	5	1	6.8439	7.0411	FALSE
chr2:170434543:A:A]chr12:2169988]	BND	36	3	3	1	6.6557	7.0399	FALSE
chr2:174960013:G:[chrX:18879844[G	BND	40	3	3	1	6.6557	6.8087	FALSE
chr2:175878411:A:<INV>	INV	30	3	3	1	NA	NA	FALSE
chr2:181396677:C:C]chr8:109076408]	BND	92	NA	18	NA	6.7627	6.8087	FALSE
chr2:187187629:G:G[chrX:13440883[	BND	39	3	3	1	6.7627	6.9934	FALSE
chr2:193796142:G:<INV>	INV	31	3	3	1	NA	NA	FALSE
chr2:197036632:G:G[chr7:53801028[	BND	39	3	3	1	6.7407	6.9934	FALSE
chr2:202541432:G:]chr8:11319453]G	BND	40	3	3	1	6.7407	6.9705	FALSE
chr2:211885749:A:A]chr3:3828227]	BND	41	3	3	1	6.3835	6.8795	FALSE
chr2:214303977:C:]chr7:86626600]C	BND	41	3	3	1	6.3835	6.7126	FALSE
chr2:219463273:A:]chr4:142521349]A	BND	42	4	4	1	6.7126	6.8795	FALSE
chr2:229348159:G:<DUP:TANDEM>	DUP	31	3	3	1	NA	NA	FALSE
chr2:230117329:A:]chr1:55989505]TA	BND	41	3	3	1	5.1087	6.9106	FALSE
chr2:230245782:G:GG[chr15:25609774[	BND	38	3	3	1	5.1087	6.9037	FALSE
chr2:238257657:A:A]chr9:124589917]	BND	40	3	3	1	6.2631	6.2631	FALSE
chr2:240090575:T:[chr22:29131293[T	BND	303	43	29	0.674418604651163	1.3979	5.7794	FALSE
chr2:240090600:A:A]chr22:29131652]	BND	303	NA	23	NA	1.3979	5.7793	FALSE
chr2:240692242:G:GT[chr1:240339554[	BND	39	3	3	1	5.7793	5.7794	FALSE
chr3:5510325:A:<INV>	INV	31	3	3	1	NA	NA	FALSE
chr3:12967577:T:T[chr14:43313066[	BND	43	4	4	1	5.869	6.512	FALSE
chr3:13707130:G:G[chr12:94611558[	BND	37	3	3	1	5.869	6.3999	FALSE
chr3:16218668:T:]chr20:21771591]AT	BND	44	3	3	1	6.3999	6.512	FALSE
chr3:32856490:C:C[chr1:9036742[	BND	39	3	3	1	6.392	6.6543	FALSE
chr3:35322328:A:[chr2:36389177[A	BND	40	3	3	1	6.3108	6.392	FALSE
chr3:37368048:C:C]chr14:100974480]	BND	47	NA	13	NA	6.3108	6.6543	FALSE
chr3:41101184:T:<DEL>	DEL	48	5	5	1	NA	NA	FALSE
chr3:46992216:A:A]chr14:78363837]	BND	30	2	2	1	5.8775	6.8071	FALSE
chr3:47746407:A:A]chr7:6218918]	BND	36	3	3	1	5.8775	6.7528	FALSE
chr3:53405600:G:GT]chr21:28403552]	BND	30	2	2	1	6.7528	6.8071	FALSE
chr3:66425280:A:[chr1:76895610[A	BND	43	3	3	1	5.6037	6.3193	FALSE
chr3:66826781:C:C[chr1:29617636[	BND	43	3	3	1	5.6037	6.2264	FALSE
chr3:68511137:T:TA]chr19:20125977]	BND	42	3	3	1	6.2264	6.3193	FALSE
chr3:73152304:A:A]chr22:35446745]	BND	43	3	3	1	6.6666	6.8011	FALSE
chr3:105816674:C:[chr5:174991137[C	BND	40	3	3	1	6.8519	7.0379	FALSE
chr3:112927188:A:]chrX:28196674]A	BND	38	3	3	1	6.58	6.8519	FALSE
chr3:116729476:A:A[chrX:43624605[	BND	39	3	3	1	6.5301	6.58	FALSE
chr3:120118701:T:T[chr11:38478904[	BND	39	3	3	1	6.5301	6.7139	FALSE
chr3:125293075:T:]chr7:6465139]T	BND	36	3	3	1	6.7139	6.8208	FALSE
chr3:131911894:G:]chr7:11370694]G	BND	38	3	3	1	5.6736	6.224	FALSE
chr3:132383557:C:]chr6:34183760]C	BND	40	3	3	1	5.6736	6.0803	FALSE
chr3:133586684:C:]chr16:9516299]TC	BND	40	3	3	1	6.0803	6.224	FALSE
chr3:141629218:G:G]chr19:41995883]	BND	35	3	3	1	6.0393	6.7486	FALSE
chr3:142724004:C:C]chr13:113562282]	BND	762	129	167	1.29457364341085	6.0393	6.6542	FALSE
chr3:147234663:T:T]chr4:70055239]	BND	33	3	2	0.666666666666667	5.3951	6.6542	FALSE
chr3:147483054:T:T]chr2:128868091]	BND	37	3	3	1	5.3951	6.6775	FALSE
chr3:153132086:T:TT[chr2:58015627[	BND	40	4	4	1	5.4811	5.5284	FALSE
chr3:153434864:T:]chr20:23533998]T	BND	38	3	3	1	4.5423	5.4811	FALSE
chr3:153469722:T:]chr11:43948330]T	BND	38	3	3	1	4.5423	5.5284	FALSE
chr3:155313806:T:[chr2:61465551[T	BND	38	3	3	1	6.2658	6.2739	FALSE
chr3:158361200:C:[chr8:120415362[C	BND	31	3	3	1	4.8156	6.4839	FALSE
chr3:158426609:C:[chr7:18410527[C	BND	34	3	3	1	4.8156	6.4932	FALSE
chr3:166370468:T:[chr7:120669443[CT	BND	40	3	3	1	5.9284	6.8636	FALSE
chr3:167218421:T:T]chr12:58484133]	BND	30	2	2	1	5.9284	6.81	FALSE
chr3:167916758:C:<INS>	INS	126	29	5	0.172413793103448	NA	NA	FALSE
chr3:173674739:A:A[chr12:8507668[	BND	40	4	4	1	5.8556	5.8869	FALSE
chr3:174391850:A:A[chr11:130466285[	BND	33	3	3	1	4.7287	5.8556	FALSE
chr3:174445396:A:]chr10:127475451]A	BND	39	3	3	1	4.7287	5.8869	FALSE
chr3:186410908:A:A[chr20:52712316[	BND	34	3	3	1	6.278	6.7021	FALSE
chr3:187529957:T:<INV>	INV	1207	102	107	1.04901960784314	NA	NA	FALSE
chr3:187529965:C:<INV>	INV	1207	86	122	1.41860465116279	NA	NA	FALSE
chr3:188307774:T:T[chr15:92114325[	BND	38	3	3	1	6.278	6.4968	FALSE
chr3:191447026:A:A]chr13:102670055]	BND	36	3	3	1	6.4968	6.5362	FALSE
chr3:194884273:T:TT[chr11:68236658[	BND	687	101	97	0.96039603960396	0.699	5.8064	FALSE
chr3:194884278:T:[chr11:68235812[T	BND	625	62	97	1.56451612903226	0.699	5.8064	FALSE
chr3:195524588:A:]chr2:101624142]A	BND	31	2	2	1	5.8064	5.8064	FALSE
chr3:199799537:T:T]chr1:105787335]	BND	45	5	5	1	5.4694	6.6309	FALSE
chr3:200094272:C:[chr20:50837840[C	BND	36	3	3	1	5.4694	6.6599	FALSE
chr4:13699489:C:C]chr17:55866476]	BND	41	3	3	1	7.1816	7.2514	FALSE
chr4:28892097:T:[chr7:18062958[T	BND	42	4	2	0.5	6.4228	7.0637	FALSE
chr4:31539317:T:[chr9:24789668[T	BND	30	2	2	1	6.4228	6.951	FALSE
chr4:40472499:C:C]chr10:97691241]	BND	41	3	3	1	6.3449	6.6493	FALSE
chr4:42685011:T:TA[chr10:24267372[	BND	30	2	2	1	6.3449	6.3516	FALSE
chr4:44932155:G:]chr14:68851968]G	BND	39	3	3	1	6.3516	6.6493	FALSE
chr4:62493478:T:T]chr7:24811244]	BND	40	3	3	1	5.8385	6.3034	FALSE
chr4:63182948:A:]chrX:131915638]A	BND	41	3	3	1	5.8385	6.121	FALSE
chr4:64504276:A:[chr7:53130835[A	BND	39	3	3	1	6.121	6.2049	FALSE
chr4:66107216:T:]chr10:63091991]T	BND	41	3	3	1	6.2049	6.466	FALSE
chr4:70055238:A:A]chr3:147234664]	BND	33	3	2	0.666666666666667	5.9849	6.5964	FALSE
chr4:71021064:A:[chr16:65088350[A	BND	40	3	3	1	5.9849	6.6914	FALSE
chr4:80449519:G:<INV>	INV	30	3	2	0.666666666666667	NA	NA	FALSE
chr4:104091213:T:]chr6:112465485]T	BND	32	2	2	1	6.7612	7.0516	FALSE
chr4:115351740:G:[chr1:107914466[G	BND	44	3	3	1	5.9315	7.0516	FALSE
chr4:116205917:T:T]chr14:52961494]	BND	257	NA	64	NA	5.9315	7.0491	FALSE
chr4:127402985:T:T]chr16:80129021]	BND	41	3	3	1	7.0491	7.081	FALSE
chr4:142578319:A:<DUP:TANDEM>	DUP	32	3	3	1	NA	NA	FALSE
chr4:149145830:T:[chr1:73087183[T	BND	30	2	2	1	6.7541	6.8212	FALSE
chr4:160439099:A:<DUP:TANDEM>	DUP	32	3	3	1	NA	NA	FALSE
chr4:160777632:T:[chr11:56964074[T	BND	40	3	3	1	6.7176	6.7749	FALSE
chr4:165996332:T:T[chr6:111296794[	BND	44	3	3	1	6.7176	6.8603	FALSE
chr4:173245532:T:[chr2:145445612[T	BND	30	2	2	1	6.8603	7.0415	FALSE
chr4:181046634:T:<INV>	INV	35	3	3	1	NA	NA	FALSE
chr4:184249050:A:]chr19:44254188]A	BND	43	3	3	1	7.0415	7.2613	FALSE
chr5:7764771:C:C]chr7:5338084]	BND	37	3	3	1	6.68	6.761	FALSE
chr5:12551523:T:T]chrX:99000738]	BND	37	3	3	1	5.9914	6.3558	FALSE
chr5:13531998:G:]chr13:105024242]G	BND	36	3	3	1	5.9914	6.11	FALSE
chr5:14820167:C:C]chr14:44182313]	BND	36	3	3	1	6.11	6.3558	FALSE
chr5:17307337:T:TA]chrX:106320126]	BND	33	3	3	1	6.3796	6.3957	FALSE
chr5:19704212:G:G[chr9:30824493[	BND	41	3	3	1	6.3796	6.5838	FALSE
chr5:23539907:T:T]chr6:18971319]	BND	35	3	3	1	6.2504	6.534	FALSE
chr5:26960055:T:[chr8:101684369[CT	BND	37	3	3	1	6.2149	6.534	FALSE
chr5:36328973:T:]chr11:9177318]T	BND	36	3	3	1	5.6984	6.5426	FALSE
chr5:36828272:T:]chr16:9247204]T	BND	38	3	3	1	5.6984	6.4755	FALSE
chr5:39817043:T:]chr7:123444282]T	BND	39	3	3	1	6.4755	6.5184	FALSE
chr5:43116231:T:T]chr7:27425659]	BND	40	4	4	1	6.5184	6.7985	FALSE
chr5:53575060:T:T]chr1:23098293]	BND	459	69	96	1.39130434782609	5.1359	6.4558	FALSE
chr5:53711791:A:A[chr10:5459419[	BND	41	3	3	1	5.1359	6.4345	FALSE
chr5:56431586:T:T]chr1:5169030]	BND	39	3	3	1	6.4345	6.4558	FALSE
chr5:63094707:A:[chr7:5083201[A	BND	37	3	3	1	5.5934	6.8237	FALSE
chr5:63486788:T:T[chr8:97533335[	BND	39	3	3	1	5.5934	6.8485	FALSE
chr5:73013433:T:T]chr8:84609870]	BND	39	3	3	1	6.5313	6.8613	FALSE
chr5:76411817:T:[chr16:94216862[T	BND	39	3	3	1	6.5313	6.5875	FALSE
chr5:80279588:A:]chr9:11557812]A	BND	31	2	2	1	6.5875	6.8613	FALSE
chr5:95013837:T:T]chr10:54897503]	BND	42	3	3	1	6.5862	7.1683	FALSE
chr5:98870635:T:]chr20:46094709]T	BND	38	3	3	1	6.5862	7.2013	FALSE
chr5:125211031:A:[chr7:56295812[A	BND	40	3	3	1	7.0189	7.0794	FALSE
chr5:134965696:G:<INV>	INV	30	3	3	1	NA	NA	FALSE
chr5:137218031:T:TT[chr6:158621446[	BND	41	3	3	1	6.0514	6.7255	FALSE
chr5:138343685:A:]chr10:15096796]A	BND	34	3	3	1	6.0514	6.6221	FALSE
chr5:142532581:G:G[chr20:8616482[	BND	43	3	3	1	6.4115	6.6221	FALSE
chr5:145112081:A:A]chr6:62439857]	BND	41	3	3	1	6.4115	6.8305	FALSE
chr5:152704904:T:[chr20:48400124[T	BND	38	3	3	1	6.5962	6.6758	FALSE
chr5:156651146:T:T]chr13:49853309]	BND	39	3	3	1	5.8997	6.5962	FALSE
chr5:157444961:T:[chr20:36642887[T	BND	38	3	3	1	5.8997	6.6758	FALSE
chr5:174991122:C:[chr3:105816689[C	BND	40	3	3	1	6.8132	7.2442	FALSE
chr5:180793285:A:<INV>	INV	32	3	3	1	NA	NA	FALSE
chr5:181495030:G:]chr16:93393036]G	BND	39	3	3	1	6.8132	7.3811	FALSE
chr6:2324056:T:<DEL>	DEL	35	4	1	0.25	NA	NA	FALSE
chr6:2334972:T:<DEL>	DEL	43	3	5	1.66666666666667	NA	NA	FALSE
chr6:7660451:T:TCCC[chr19:37068205[	BND	30	2	2	1	7.0535	7.1101	FALSE
chr6:18971319:G:G]chr5:23539907]	BND	35	3	3	1	6.1968	7.0535	FALSE
chr6:20544640:A:[chr18:38178808[AA	BND	41	3	3	1	6.1968	7.1101	FALSE
chr6:34183760:A:A[chr3:132383557[	BND	40	3	3	1	6.9696	7.0401	FALSE
chr6:37514800:T:<DEL>	DEL	48	4	6	1.5	NA	NA	FALSE
chr6:41606820:ACAGTCCATCCCACCTGGGTATCTGTTCCAGCCCTAATGGGACAAAAACACCAATGAAGAAAGTAAAATCAAGGGCAAAGGGAGCACAAATCCCAAGCCCCACGGGCCCTGAGAGGGACAGACACCAAGAACATCAATAAGTTTGAAGTCTAAGACGACCAAAGACCTTTTAAGTCACTTTAGATCTCCCTCTGAGTCCTGTTACAACAAACACCAAAACCATCACCTTACCTTTGCAGAGAACTTTAACTCTACAAAGAGCTTTCTCAAAAGGACACTGTGATATAGTAGAGACAGCACTGGTTTAAGACTCAGGAAACCAATATATCGGTCAGTTTTGTTGCTACTAAGTATCTGGGAGACTTAAGTCAACGCCCCCCCCAACTCCCACCTAAGGCCTTAGTTTTTGGGGGAACCATCTATAAACTGGGGAGCTTCTAGCTTAAATAACTTGCAGAGGTAAAAACGTAAGACAAACTTCACTAAAATTGACATGTTCATCTTCCAAGACAGGCTGCTTCAATTTCGCATTTGGAAGCTTGATAGATTTTCTGCTCCCCAAGCTCTGAAAGGCCTAATTTTAACATAAATGTTAACAGTAAGCCAAAATTTCAGGGCATCTGAGCCCAAGGTAGACAAGTCAACAAGCCAGGACTCTGCAGACCCTGGACATCCCACATTCCTGCTCTGGAGAAACACTTCCCAGGGCCCCTTGCACCCTGCATCCTTGGACAACTTCCAGGTAAAAGGACCCCATCCCCTTGGTCTGGCTTATTTTCTGGAAGGAAGAAGCAGGCTCAGGGAGGTGTGCACAGACTAAAGATAGGTTGCTGGGAAAATACTGGGGCTTGAGCCACCGACGGGGGCACGG:A	DEL	68	6	9	1.5	NA	NA	FALSE
chr6:43507680:A:]chr8:25745412]A	BND	41	3	3	1	6.2155	6.515	FALSE
chr6:45150195:A:[chr11:34939950[A	BND	33	3	3	1	6.2123	6.2155	FALSE
chr6:46780735:T:T[chr13:47057968[	BND	40	3	3	1	4.8888	6.2123	FALSE
chr6:46858140:T:T[chrX:112015110[	BND	40	3	3	1	4.8888	6.2325	FALSE
chr6:49956218:A:A]chr15:74474705]	BND	47	5	5	1	6.4911	6.5018	FALSE
chr6:53224097:T:T]chr21:32793814]	BND	41	3	3	1	6.5143	6.5671	FALSE
chr6:56915088:G:]chr20:60468850]AG	BND	36	3	3	1	6.5671	6.7423	FALSE
chr6:62439856:A:A]chr5:145112082]	BND	41	3	3	1	6.3393	6.4237	FALSE
chr6:64624015:A:A[chr17:62669881[	BND	38	3	3	1	5.6711	5.8363	FALSE
chr6:65092919:T:T[chr11:30247662[	BND	39	3	3	1	5.3366	5.6711	FALSE
chr6:65310013:T:T[chrX:17246066[	BND	38	3	3	1	5.3366	5.8363	FALSE
chr6:71895077:T:T[chr1:8092067[	BND	37	3	3	1	6.3045	6.8186	FALSE
chr6:73911179:A:A[chr22:16673797[	BND	39	3	3	1	6.3045	6.9346	FALSE
chr6:80125694:T:<DEL>	DEL	44	3	3	1	NA	NA	FALSE
chr6:87983066:A:A[chr8:66785172[	BND	40	3	3	1	6.0858	7.0374	FALSE
chr6:98883359:G:[chr7:51294788[G	BND	39	3	3	1	4.9962	6.3744	FALSE
chr6:98982496:T:T]chr14:40595314]	BND	37	4	4	1	4.9962	6.3559	FALSE
chr6:101251579:T:T]chr13:72687664]	BND	39	3	3	1	6.2644	6.3559	FALSE
chr6:103089688:T:[chr13:39971501[GT	BND	47	5	5	1	6.2644	6.6135	FALSE
chr6:111296794:A:]chr4:165996332]A	BND	44	3	3	1	6.0677	6.2901	FALSE
chr6:112465485:A:A[chr4:104091213[	BND	32	2	2	1	5.8931	6.0677	FALSE
chr6:113247218:T:[chr10:66692630[T	BND	30	2	2	1	5.8931	6.2901	FALSE
chr6:135883050:T:]chr14:57221468]T	BND	40	3	3	1	6.3363	6.8793	FALSE
chr6:138052131:A:A[chr14:51424825[	BND	43	4	4	1	6.3363	6.7328	FALSE
chr6:143456934:T:T[chr15:21380983[	BND	43	4	4	1	6.5779	6.7328	FALSE
chr6:147240868:T:]chr7:89864454]CT	BND	44	3	3	1	6.5779	6.5805	FALSE
chr6:151047265:A:AT[chr13:57843294[	BND	35	3	3	1	6.5525	6.5805	FALSE
chr6:154615509:C:C[chr14:52961094[	BND	38	3	3	1	5.7942	6.5525	FALSE
chr6:155238096:A:]chr21:31309229]A	BND	31	2	2	1	5.7942	6.5293	FALSE
chr6:158621446:T:]chr5:137218031]TT	BND	41	3	3	1	5.7764	5.7764	FALSE
chr6:159218988:T:TGT[chr11:125690113[	BND	778	85	101	1.18823529411765	1.1461	5.7764	FALSE
chr6:159219002:T:[chr11:105906884[T	BND	696	93	95	1.02150537634409	1.1461	5.7764	FALSE
chr6:163511710:A:[chr12:107681895[A	BND	43	3	3	1	6.4676	6.6327	FALSE
chr6:166446431:T:]chr17:70679821]CT	BND	40	3	3	1	6.4676	6.6967	FALSE
chr6:171419895:G:]chr15:43135347]TG	BND	39	3	3	1	6.6967	6.8981	FALSE
chr7:1348519:T:T]chr14:79979711]	BND	34	3	3	1	6.0213	6.5723	FALSE
chr7:2398880:C:CG]chr11:57599803]	BND	38	3	3	1	6.0213	6.4288	FALSE
chr7:5083201:A:[chr5:63094707[A	BND	37	3	3	1	5.4063	6.0553	FALSE
chr7:5338082:C:C]chr5:7764773]	BND	37	3	3	1	5.4063	5.9449	FALSE
chr7:6218888:C:C]chr3:47746437]	BND	36	3	3	1	5.3914	5.9449	FALSE
chr7:6465139:C:C[chr3:125293075[	BND	36	3	3	1	5.3914	6.0519	FALSE
chr7:11370694:C:C[chr3:131911894[	BND	38	3	3	1	6.6907	6.712	FALSE
chr7:18062958:G:[chr4:28892097[G	BND	42	4	2	0.5	5.541	6.817	FALSE
chr7:18410524:G:[chr3:158426612[G	BND	34	3	3	1	5.541	6.7933	FALSE
chr7:24624216:T:T[chr20:48335489[	BND	36	3	3	1	5.2719	6.4474	FALSE
chr7:24811239:A:A]chr4:62493483]	BND	40	3	3	1	5.2719	6.4174	FALSE
chr7:27425659:G:G]chr5:43116231]	BND	40	4	4	1	6.306	6.4174	FALSE
chr7:29448746:A:]chrX:149903132]A	BND	38	3	3	1	6.306	6.6663	FALSE
chr7:36100000:AC:AGGAGGCTGAGGCGTGAGTGGGAGGGAGTCGGGACAGGGAGGCAGCGGCGTGAGTGGGAGGGAGTCCGGACAG	INS	163	44	0	0	NA	NA	FALSE
chr7:44939327:T:[chr11:58760218[T	BND	38	3	3	1	5.6191	6.1779	FALSE
chr7:45355378:G:GC[chr13:76102453[	BND	37	3	3	1	5.6191	6.0375	FALSE
chr7:46445664:G:G[chr21:18406096[	BND	44	4	4	1	6.0375	6.1779	FALSE
chr7:51206996:T:T[chr14:36657669[	BND	39	3	3	1	4.9435	6.1993	FALSE
chr7:51294788:C:[chr6:98883359[C	BND	39	3	3	1	4.9435	6.1745	FALSE
chr7:52789188:A:[chr11:70157173[A	BND	38	3	3	1	5.5336	6.0051	FALSE
chr7:53130832:T:[chr4:64504279[T	BND	39	3	3	1	5.5336	5.8262	FALSE
chr7:56295812:A:[chr5:125211031[A	BND	40	3	3	1	6.397	6.5004	FALSE
chr7:65794186:T:T]chr13:70025932]	BND	30	2	2	1	6.405	6.9776	FALSE
chr7:68334869:A:AT[chr11:18781521[	BND	38	3	3	1	6.405	6.8794	FALSE
chr7:70145659:A:<INV>	INV	90	7	12	1.71428571428571	NA	NA	FALSE
chr7:70153560:G:<INV>	INV	163	16	20	1.25	NA	NA	FALSE
chr7:75909456:A:]chr13:101938469]A	BND	33	3	3	1	6.6524	6.8794	FALSE
chr7:80400538:C:]chrX:28086063]C	BND	39	3	3	1	6.6524	6.7942	FALSE
chr7:89864454:A:AC[chr6:147240868[	BND	44	3	3	1	6.5103	6.9761	FALSE
chr7:105231794:A:]chr8:109807292]A	BND	42	3	3	1	6.2512	6.8279	FALSE
chr7:107014899:C:]chr22:32272473]C	BND	44	4	4	1	6.2512	6.6941	FALSE
chr7:111959465:A:]chr1:151188174]TA	BND	38	3	3	1	6.0562	6.6941	FALSE
chr7:113097619:T:[chr13:77951886[T	BND	40	3	3	1	6.0562	6.7841	FALSE
chr7:123071140:A:]chr16:26282985]A	BND	43	3	3	1	5.5719	6.3805	FALSE
chr7:123444282:A:A[chr5:39817043[	BND	39	3	3	1	5.5719	6.4432	FALSE
chr7:128286446:C:[chr1:109103560[C	BND	40	3	3	1	6.3633	6.685	FALSE
chr7:130594739:C:C[chr21:38607350[	BND	41	3	3	1	6.3633	6.8543	FALSE
chr7:144386318:G:]chr13:65035431]G	BND	40	3	3	1	6.6632	6.7149	FALSE
chr7:148990797:G:G]chr12:47149936]	BND	30	2	2	1	5.7651	6.2154	FALSE
chr7:149573030:T:T]chr8:4810211]	BND	42	3	3	1	5.7651	6.0253	FALSE
chr7:150633010:A:A[chr17:57197291[	BND	39	3	3	1	6.0253	6.2154	FALSE
chr7:158984856:T:]chr11:78759422]T	BND	30	2	2	1	5.7618	6.9218	FALSE
chr7:159562728:T:T]chr11:131774949]	BND	40	3	3	1	5.7618	6.9508	FALSE
chrX:6055782:A:[chr10:131804650[A	BND	41	3	3	1	6.709	6.7091	FALSE
chrX:11173118:A:[chr19:53796715[A	BND	49	NA	4	NA	2.6096	5.7741	FALSE
chrX:11173525:G:G]chr19:53796676]	BND	49	NA	4	NA	2.6096	5.7738	FALSE
chrX:11767578:A:[chr16:71209802[A	BND	39	3	3	1	5.7738	5.7741	FALSE
chrX:17246066:T:]chr6:65310013]T	BND	38	3	3	1	6.2132	6.5804	FALSE
chrX:23984518:T:[chr20:46382120[AT	BND	37	3	3	1	6.6129	6.6245	FALSE
chrX:28086063:C:C[chr7:80400538[	BND	39	3	3	1	5.0438	6.6129	FALSE
chrX:28196674:T:T[chr3:112927188[	BND	38	3	3	1	5.0438	6.6245	FALSE
chrX:28911438:T:<DEL>	DEL	48	5	3	0.6	NA	NA	FALSE
chrX:36745662:G:]chr15:83866514]G	BND	39	3	3	1	6.8375	6.909	FALSE
chrX:43624605:C:]chr3:116729476]C	BND	39	3	3	1	6.0898	6.7649	FALSE
chrX:44854377:T:T]chr10:23322670]	BND	39	3	3	1	6.0898	6.6618	FALSE
chrX:49444542:C:C]chr19:57593329]	BND	38	3	3	1	5.2435	6.0329	FALSE
chrX:49619748:T:T[chr19:12286017[	BND	39	3	3	1	5.2435	5.9559	FALSE
chrX:52278247:G:[chr14:70166537[G	BND	38	3	3	1	6.2443	6.4246	FALSE
chrX:68240480:T:<INS>	INS	178	45	0	0	NA	NA	FALSE
chrX:76339693:C:[chr13:17615414[C	BND	39	3	3	1	7.2533	7.3553	FALSE
chrX:94258293:A:]chr18:28676457]A	BND	495	42	58	1.38095238095238	6.676	6.7445	FALSE
chrX:99000736:C:C]chr5:12551525]	BND	37	3	3	1	5.9088	6.676	FALSE
chrX:99811411:T:]chr1:126299988]T	BND	38	3	3	1	5.9088	6.7445	FALSE
chrX:106320126:A:AT]chr5:17307337]	BND	33	3	3	1	6.7555	6.7716	FALSE
chrX:112015110:A:]chr6:46858140]A	BND	40	3	3	1	5.3331	6.7555	FALSE
chrX:112230459:A:[chr18:53427244[A	BND	41	3	3	1	5.3331	6.7716	FALSE
chrX:118320689:A:AC]chr14:45580403]	BND	38	3	3	1	6.3467	6.7846	FALSE
chrX:120542273:C:C[chr11:23667306[	BND	42	2	4	2	6.3467	6.9197	FALSE
chrX:124212272:T:<INS>	INS	145	27	11	0.407407407407407	NA	NA	FALSE
chrX:131915638:G:G[chr4:63182948[	BND	41	3	3	1	7.0559	7.1334	FALSE
chrX:136574763:C:<INV>	INV	32	3	3	1	NA	NA	FALSE
chrX:149903132:T:T[chr7:29448746[	BND	38	3	3	1	7.255	7.4678	FALSE
chr9:11557812:T:T[chr5:80279588[	BND	31	2	2	1	7.0263	7.0512	FALSE
chr9:22183049:C:[chr12:6656544[C	BND	40	3	3	1	5.7959	5.869	FALSE
chr9:22808104:G:G[chr2:19106888[	BND	37	3	3	1	5.0588	5.7959	FALSE
chr9:22922604:T:T[chr17:9307829[	BND	39	3	3	1	5.0588	5.869	FALSE
chr9:24789668:T:[chr4:31539317[T	BND	30	2	2	1	6.2712	6.297	FALSE
chr9:30824493:A:]chr5:19704212]A	BND	41	3	3	1	6.6192	6.6556	FALSE
chr9:34985882:T:]chr8:73407339]T	BND	44	4	4	1	5.5608	6.6192	FALSE
chr9:35349671:G:]chr20:7897856]G	BND	41	3	3	1	5.5608	6.6556	FALSE
chr9:49496824:A:<DEL>	DEL	70	NA	17	NA	NA	NA	FALSE
chr9:85909978:AGAAAAAAAAAAGAGTTAAAGATGTTTTATGTTTTTTTTTTTTTTTGCATTAAGTGGTCAGATGAAGGCAGC:ACTATTGGTTCATTTATGGGCTAT	DEL	451	59	0	0	NA	NA	FALSE
chr9:90375195:G:G]chr2:34434171]	BND	41	3	3	1	6.5344	7.4749	FALSE
chr9:93797827:A:]chr2:108435769]A	BND	41	3	3	1	6.5344	7.422	FALSE
chr9:120223949:A:A]chr13:25531537]	BND	39	3	3	1	6.1614	6.456	FALSE
chr9:121674136:C:C[chr16:61054714[	BND	39	3	3	1	6.1484	6.1614	FALSE
chr9:123081515:G:G]chr12:92473301]	BND	31	2	2	1	6.1484	6.1785	FALSE
chr9:125889572:C:C[chr10:69990915[	BND	41	3	3	1	5.4845	6.1138	FALSE
chr9:126194732:C:C[chr14:88141545[	BND	75	NA	13	NA	5.4845	6.2054	FALSE
chr9:128427847:G:<DUP:TANDEM>	DUP	43	3	3	1	NA	NA	FALSE
chr9:134660427:A:<DUP:TANDEM>	DUP	32	3	3	1	NA	NA	FALSE
chr9:137064746:A:]chr10:128983903]A	BND	36	3	3	1	6.8744	6.8829	FALSE
chr9:144553370:G:G]chr10:132775890]	BND	42	3	3	1	5.1703	6.7246	FALSE
chr9:144701395:T:[chr2:145849470[T	BND	41	3	3	1	5.1703	6.7123	FALSE
chr9:149857034:A:[chr16:67341625[A	BND	44	4	4	1	6.7123	6.7246	FALSE
chr8:14309177:G:[chr14:80602823[G	BND	36	3	3	1	6.4756	6.9777	FALSE
chr8:25745412:T:T[chr6:43507680[	BND	41	3	3	1	6.6796	6.9971	FALSE
chr8:30527689:C:[chr11:47353453[C	BND	40	3	3	1	6.6796	6.7119	FALSE
chr8:35678319:A:A[chr15:58726383[	BND	40	3	3	1	6.2475	6.4482	FALSE
chr8:37446500:A:A]chr19:47709170]	BND	37	3	3	1	6.0164	6.2475	FALSE
chr8:38485084:A:A]chr10:5200618]	BND	41	3	3	1	6.0164	6.4482	FALSE
chr8:51665812:G:G]chr14:61922390]	BND	40	3	4	1.33333333333333	6.4284	6.4898	FALSE
chr8:54754843:A:A]chr11:119268103]	BND	38	3	3	1	6.1428	6.4898	FALSE
chr8:56144094:A:[chr13:80251709[A	BND	38	3	3	1	6.1428	6.2616	FALSE
chr8:57970603:T:]chr12:6654242]T	BND	38	3	3	1	6.2515	6.2616	FALSE
chr8:59755221:A:[chr17:67392440[A	BND	38	3	3	1	6.2515	6.5576	FALSE
chr8:66785172:A:]chr6:87983066]A	BND	40	3	3	1	6.821	6.847	FALSE
chr8:73407339:T:T[chr9:34985882[	BND	44	4	4	1	6.821	6.923	FALSE
chr8:77453045:T:<DEL>	DEL	45	6	3	0.5	NA	NA	FALSE
chr8:81782404:T:T]chr16:19499222]	BND	44	4	4	1	6.4514	6.923	FALSE
chr8:84609869:A:A]chr5:73013434]	BND	39	3	3	1	6.4514	7.0493	FALSE
chr8:97533335:T:]chr5:63486788]T	BND	39	3	3	1	6.6182	6.6251	FALSE
chr8:101684369:T:[chr5:26960055[GT	BND	37	3	3	1	4.8241	6.0254	FALSE
chr8:101751063:C:[chr15:88070753[C	BND	33	3	3	1	4.8241	5.9972	FALSE
chr8:102744694:T:T[chr1:39740742[	BND	39	3	3	1	5.9972	6.0254	FALSE
chr8:109807292:T:T[chr7:105231794[	BND	42	3	3	1	5.8638	6.3293	FALSE
chr8:124209161:A:[chr2:82932825[A	BND	37	3	3	1	6.5791	6.622	FALSE
chr11:6472308:G:G[chr2:96932224[	BND	39	3	3	1	6.4322	6.4914	FALSE
chr11:9177318:C:C[chr5:36328973[	BND	36	3	3	1	5.5971	6.4322	FALSE
chr11:18781521:C:]chr7:68334869]TC	BND	38	3	3	1	6.6889	6.9642	FALSE
chr11:23667306:A:]chrX:120542273]A	BND	42	2	4	2	6.6758	6.6889	FALSE
chr11:28407281:T:T]chr18:2053161]	BND	42	4	4	1	6.2649	6.6758	FALSE
chr11:30247662:G:]chr6:65092919]G	BND	39	3	3	1	6.2649	6.6714	FALSE
chr11:34939942:A:[chr6:45150203[A	BND	33	3	3	1	6.5489	6.6186	FALSE
chr11:38478904:T:]chr3:120118701]T	BND	39	3	3	1	5.7895	6.5489	FALSE
chr11:39094850:T:T[chr14:55182266[	BND	31	2	3	1.5	5.7895	6.5994	FALSE
chr11:43070454:A:[chr14:52966882[A	BND	383	77	82	1.06493506493506	1.8751	5.9434	FALSE
chr11:43070529:G:G]chr14:52968236]	BND	191	NA	45	NA	1.8751	5.9434	FALSE
chr11:47353447:G:[chr8:30527695[G	BND	40	3	3	1	6.5321	6.6317	FALSE
chr11:57599803:G:GC]chr7:2398880]	BND	38	3	3	1	5.2029	5.8033	FALSE
chr11:58760216:A:[chr7:44939329[A	BND	38	3	3	1	6.0646	6.1206	FALSE
chr11:64555623:A:]chr22:42149652]A	BND	38	3	3	1	5.7723	5.9269	FALSE
chr11:65147548:C:[chr2:78959100[CC	BND	37	3	3	1	5.4035	5.7723	FALSE
chr11:65400763:A:]chr10:121941364]A	BND	33	3	3	1	5.4035	5.9269	FALSE
chr11:67015506:G:G[chr18:14132392[	BND	38	3	3	1	6.0865	6.0868	FALSE
chr11:68235811:A:<INV>	INV	317	60	50	0.833333333333333	NA	NA	FALSE
chr11:68592204:A:]chr15:39132362]A	BND	38	3	3	1	5.5509	5.5519	FALSE
chr11:69835784:C:C]chr17:12994233]	BND	43	4	4	1	5.507	6.0947	FALSE
chr11:70157171:T:[chr7:52789190[T	BND	38	3	3	1	5.507	6.1945	FALSE
chr11:89646249:G:]chr16:71065809]GG	BND	39	3	3	1	7.0354	7.0369	FALSE
chr11:105906877:A:<INV>	INV	424	57	87	1.52631578947368	NA	NA	FALSE
chr11:110518154:A:[chr10:26580291[A	BND	41	3	3	1	6.6638	6.942	FALSE
chr11:119268081:A:A]chr8:54754865]	BND	38	3	3	1	6.8077	6.942	FALSE
chr11:131333636:A:[chr16:30306779[A	BND	34	3	3	1	5.6447	5.9382	FALSE
chr10:1586495:C:C[chr2:28119498[	BND	40	3	3	1	6.558	6.588	FALSE
chr10:5200605:C:C]chr8:38485097]	BND	41	3	3	1	5.413	6.558	FALSE
chr10:5459419:T:]chr5:53711791]T	BND	41	3	3	1	5.413	6.588	FALSE
chr10:23322670:T:T]chrX:44854377]	BND	39	3	3	1	5.7445	5.9753	FALSE
chr10:23877944:T:T]chr15:52156296]	BND	39	3	3	1	5.5904	5.7445	FALSE
chr10:24267372:T:]chr4:42685011]AT	BND	30	2	2	1	5.5904	5.9753	FALSE
chr10:25226482:A:]chr12:59573450]A	BND	42	3	3	1	5.4958	5.4962	FALSE
chr10:25539698:A:]chr14:52961187]A	BND	154	NA	25	NA	2.4133	5.4958	FALSE
chr10:25539957:T:T[chr14:52960658[	BND	154	NA	20	NA	2.4133	5.4962	FALSE
chr10:26580290:T:[chr11:110518155[T	BND	41	3	3	1	6.0172	6.0173	FALSE
chr10:37954676:C:C]chr15:42505504]	BND	39	3	3	1	6.9102	7.0559	FALSE
chr10:54897499:T:T]chr5:95013841]	BND	42	3	3	1	6.6007	6.8809	FALSE
chr10:58885138:A:]chr13:99439732]A	BND	39	3	3	1	6.5581	6.6007	FALSE
chr10:62499814:G:[chr2:32328287[TG	BND	39	3	3	1	5.7725	6.5581	FALSE
chr10:63091991:A:A[chr4:66107216[	BND	41	3	3	1	5.7725	6.5038	FALSE
chr10:66692630:T:[chr6:113247218[T	BND	30	2	2	1	5.6131	6.5183	FALSE
chr10:66781579:G:<INV>	INV	40	3	3	1	NA	NA	FALSE
chr10:69990915:C:]chr9:125889572]C	BND	41	3	3	1	6.4901	6.5183	FALSE
chr10:73081617:T:T]chr18:34062862]	BND	41	3	3	1	6.4901	6.8054	FALSE
chr10:84983484:T:[chr1:61122791[T	BND	42	3	3	1	6.5708	6.8793	FALSE
chr10:88705835:T:T]chr2:113243727]	BND	44	4	4	1	6.5708	6.5856	FALSE
chr10:92557334:C:]chr1:113720792]C	BND	41	3	3	1	6.1594	6.255	FALSE
chr10:94000729:T:[chr22:43677471[T	BND	40	3	3	1	5.5506	6.1594	FALSE
chr10:94356042:A:]chr13:100739221]A	BND	38	3	3	1	5.5506	6.255	FALSE
chr10:97691240:A:A]chr4:40472500]	BND	41	3	3	1	6.5231	6.5671	FALSE
chr10:110752691:G:]chr20:51975613]G	BND	39	3	3	1	6.4426	6.9939	FALSE
chr10:113523633:T:T[chr12:57495543[	BND	41	3	3	1	6.4426	6.8507	FALSE
chr10:120613726:A:]chr2:116288004]A	BND	39	3	3	1	6.1231	6.8364	FALSE
chr10:121941364:T:T[chr11:65400763[	BND	33	3	3	1	6.1231	6.743	FALSE
chr10:125255966:C:<DEL>	DEL	55	3	8	2.66666666666667	NA	NA	FALSE
chr10:128825191:G:G[chr16:18226259[	BND	42	3	3	1	5.2006	6.1303	FALSE
chr10:131804647:A:[chrX:6055785[A	BND	41	3	3	1	5.9873	6.4504	FALSE
chr12:3850573:T:]chr20:6953680]T	BND	34	3	3	1	6.2255	6.4477	FALSE
chr12:6654242:T:T[chr8:57970603[	BND	38	3	3	1	3.3617	6.268	FALSE
chr12:6656542:T:[chr9:22183051[T	BND	40	3	3	1	3.3617	6.2674	FALSE
chr12:16508195:G:]chr14:52961626]G	BND	251	NA	26	NA	1.3222	5.9098	FALSE
chr12:16508216:T:T[chr14:52961322[	BND	251	70	23	0.328571428571429	1.3222	5.9098	FALSE
chr12:17320729:C:C[chr18:62755396[	BND	41	3	3	1	5.9098	5.9098	FALSE
chr12:23921585:T:]chr15:28869255]T	BND	39	3	3	1	5.9605	6.6931	FALSE
chr12:24834544:A:A[chr18:36266326[	BND	39	3	3	1	5.9605	6.6042	FALSE
chr12:28854515:T:T[chr2:21933757[	BND	39	3	3	1	6.6042	6.6931	FALSE
chr12:44750122:G:G[chr15:26998044[	BND	45	NA	8	NA	6.3802	6.6153	FALSE
chr12:48873880:T:]chr14:56839416]T	BND	38	3	3	1	6.2365	6.6153	FALSE
chr12:55984736:G:[chr2:10023533[G	BND	38	3	3	1	5.7081	6.1792	FALSE
chr12:56495304:C:C]chr1:78202997]	BND	43	3	3	1	5.7081	6.0001	FALSE
chr12:57495543:A:]chr10:113523633]A	BND	41	3	3	1	5.995	6.0001	FALSE
chr12:59573450:T:T[chr10:25226482[	BND	42	3	3	1	6.0372	6.3176	FALSE
chr12:70000026:A:[chr22:16893618[A	BND	30	2	2	1	6.1556	6.6802	FALSE
chr12:71430751:T:[chr1:83999483[T	BND	44	3	3	1	6.1556	6.526	FALSE
chr12:74788442:A:A[chr14:21067760[	BND	41	3	3	1	5.9579	6.526	FALSE
chr12:75696144:T:[chr2:75702917[T	BND	40	3	3	1	5.9579	6.63	FALSE
chr12:83191088:C:C[chr14:52961006[	BND	433	58	63	1.08620689655172	0.4771	5.6885	FALSE
chr12:83191091:T:]chr14:52961491]T	BND	433	NA	44	NA	0.4771	5.6885	FALSE
chr12:83679199:T:T[chr2:34199412[	BND	40	3	3	1	5.6885	5.6885	FALSE
chr12:87007050:T:T]chr18:28464930]	BND	43	3	3	1	6.5222	6.5816	FALSE
chr12:92473292:A:A]chr9:123081524]	BND	31	2	2	1	6.3262	6.3301	FALSE
chr12:94592516:A:A[chr13:39518025[	BND	39	3	3	1	4.2797	6.0641	FALSE
chr12:94611558:G:]chr3:13707130]G	BND	37	3	3	1	4.2797	6.0569	FALSE
chr12:95751538:A:A]chr14:34794307]	BND	40	3	3	1	6.0569	6.0641	FALSE
chr12:115110146:C:[chr16:25395626[C	BND	42	3	3	1	5.8649	6.801	FALSE
chr12:121434211:C:C[chr15:38258150[	BND	1895	78	91	1.16666666666667	0	5.6307	FALSE
chr12:121434211:C:]chr15:38258148]GC	BND	1895	113	132	1.16814159292035	0	5.6307	FALSE
chr12:121861439:A:A[chr19:41176159[	BND	39	3	4	1.33333333333333	5.6307	5.6307	FALSE
chr12:122421925:C:[chr13:113201237[C	BND	40	3	3	1	5.7486	5.9946	FALSE
chr13:13931573:G:G]chr22:11005335]	BND	32	NA	4	NA	6.5663	7.0645	FALSE
chr13:17615394:T:[chrX:76339713[T	BND	39	3	3	1	6.5663	6.8985	FALSE
chr13:35791986:C:]chr16:60095263]C	BND	40	4	4	1	6.1523	6.5712	FALSE
chr13:37212179:T:]chr1:51318428]T	BND	43	4	4	1	6.1523	6.3628	FALSE
chr13:39518025:A:]chr12:94592516]A	BND	39	3	3	1	5.6566	6.3628	FALSE
chr13:39971501:A:[chr6:103089688[CA	BND	47	5	5	1	5.6566	6.4408	FALSE
chr13:47057968:T:]chr6:46780735]T	BND	40	3	3	1	6.4464	6.4539	FALSE
chr13:53735594:G:<INV>	INV	31	3	3	1	NA	NA	FALSE
chr13:61586231:T:T[chr19:59265179[	BND	40	4	4	1	6.4859	6.505	FALSE
chr13:64647706:T:T]chr14:31218374]	BND	38	3	3	1	5.1375	5.5885	FALSE
chr13:64784952:A:]chr20:61462442]A	BND	30	3	3	1	5.1375	5.3988	FALSE
chr13:68411319:A:<INV>	INV	41	3	3	1	NA	NA	FALSE
chr13:70025931:T:T]chr7:65794187]	BND	30	2	2	1	6.4252	6.6981	FALSE
chr13:72687664:T:T]chr6:101251579]	BND	39	3	3	1	6.4252	6.5334	FALSE
chr13:76102453:C:]chr7:45355378]CC	BND	37	3	3	1	6.1573	6.267	FALSE
chr13:77538909:T:TT]chr14:14715889]	BND	39	3	3	1	5.6159	6.1573	FALSE
chr13:77951885:A:[chr7:113097620[A	BND	40	3	3	1	5.6159	6.267	FALSE
chr13:80251709:A:[chr8:56144094[A	BND	38	3	3	1	6.3617	6.4334	FALSE
chr13:83260779:A:<DEL>	DEL	92	17	9	0.529411764705882	NA	NA	FALSE
chr13:84462290:T:TA]chr16:12796578]	BND	38	3	3	1	6.4774	6.6243	FALSE
chr13:87464480:T:T[chr14:19932194[	BND	38	3	3	1	6.4774	6.6352	FALSE
chr13:99439732:T:T[chr10:58885138[	BND	39	3	3	1	6.1138	6.3977	FALSE
chr13:100739221:A:A[chr10:94356042[	BND	38	3	3	1	6.0789	6.1138	FALSE
chr13:101938469:T:T[chr7:75909456[	BND	33	3	3	1	5.8643	6.0789	FALSE
chr13:105024242:T:T[chr5:13531998[	BND	36	3	3	1	6.3718	6.4894	FALSE
chr13:113420506:C:CA[chr20:45940140[	BND	36	3	3	1	5.1516	5.341	FALSE
chr14:4155088:T:T[chr22:9456337[	BND	66	NA	10	NA	7.0237	7.198	FALSE
chr14:14715889:T:TA]chr13:77538909]	BND	39	3	3	1	6.7174	6.8029	FALSE
chr14:19932194:A:]chr13:87464480]A	BND	38	3	3	1	6.0552	6.7174	FALSE
chr14:21067760:G:]chr12:74788442]G	BND	41	3	3	1	6.0552	6.8029	FALSE
chr14:30851586:C:]chr15:23868873]AC	BND	38	3	3	1	5.5644	6.5958	FALSE
chr14:31218370:A:A]chr13:64647710]	BND	38	3	3	1	5.5644	6.5534	FALSE
chr14:34794303:A:A]chr12:95751542]	BND	40	3	3	1	6.2703	6.5534	FALSE
chr14:36657669:A:]chr7:51206996]A	BND	39	3	3	1	6.2703	6.5952	FALSE
chr14:40595314:T:T]chr6:98982496]	BND	37	4	4	1	6.4342	6.5547	FALSE
chr14:43313066:G:]chr3:12967577]G	BND	43	4	4	1	5.9391	6.3555	FALSE
chr14:44182311:T:T]chr5:14820169]	BND	36	3	3	1	5.9391	6.1455	FALSE
chr14:48496359:C:]chr16:55042312]TC	BND	38	3	3	1	6.0032	6.4648	FALSE
chr14:49503651:A:A]chr1:67370199]	BND	39	3	3	1	6.0032	6.2836	FALSE
chr14:52960658:C:]chr10:25539957]C	BND	154	NA	20	NA	2.5416	2.6395	FALSE
chr14:52961006:T:]chr12:83191088]T	BND	433	58	63	1.08620689655172	1.9445	2.2577	FALSE
chr14:52961187:G:G[chr10:25539698[	BND	154	NA	25	NA	1.9685	2.1303	FALSE
chr14:52961322:G:]chr12:16508216]G	BND	251	70	23	0.328571428571429	2.1303	2.2279	FALSE
chr14:52961491:A:A[chr12:83191091[	BND	433	NA	44	NA	0.4771	2.1303	FALSE
chr14:52961626:C:C[chr12:16508195[	BND	251	NA	26	NA	2.1206	2.1303	FALSE
chr14:52966881:T:[chr11:43070455[T	BND	383	77	82	1.06493506493506	3.1319	3.7206	FALSE
chr14:52968236:T:T]chr11:43070529]	BND	191	NA	45	NA	3.1319	3.8202	FALSE
chr14:55182266:G:]chr11:39094850]G	BND	31	2	3	1.5	6.2194	6.3095	FALSE
chr14:56839416:G:G[chr12:48873880[	BND	38	3	3	1	5.5821	6.2194	FALSE
chr14:61922390:C:C]chr8:51665812]	BND	40	3	4	1.33333333333333	6.6722	6.7061	FALSE
chr14:68851968:G:G[chr4:44932155[	BND	39	3	3	1	6.1188	6.8407	FALSE
chr14:70166536:C:[chrX:52278248[C	BND	38	3	3	1	6.1188	6.9137	FALSE
chr14:78363823:T:T]chr3:46992230]	BND	30	2	2	1	6.2084	6.3501	FALSE
chr14:79979710:A:A]chr7:1348520]	BND	34	3	3	1	5.7946	6.2084	FALSE
chr14:80602823:A:[chr8:14309177[A	BND	36	3	3	1	5.7946	6.3501	FALSE
chr14:90643121:T:<INV>	INV	32	4	3	0.75	NA	NA	FALSE
chr14:100974480:C:C]chr3:37368048]	BND	47	NA	13	NA	7.1083	7.309	FALSE
chr15:23868873:T:TA[chr14:30851586[	BND	38	3	3	1	5.903	6.2408	FALSE
chr15:24668718:T:T]chr16:79263079]	BND	37	3	3	1	5.903	5.9736	FALSE
chr15:26998044:A:]chr12:44750122]A	BND	45	NA	8	NA	6.1425	6.2721	FALSE
chr15:28869255:T:T[chr12:23921585[	BND	39	3	3	1	6.2721	6.493	FALSE
chr15:31980951:T:T]chr1:15795827]	BND	37	3	3	1	5.9749	6.455	FALSE
chr15:32924746:G:[chr2:6207413[G	BND	38	3	3	1	5.9749	6.2804	FALSE
chr15:34832062:T:[chr17:29367671[T	BND	42	8	4	0.5	6.2804	6.455	FALSE
chr15:39132362:T:T[chr11:68592204[	BND	38	3	3	1	5.9416	5.9416	FALSE
chr15:42505499:T:T]chr10:37954681]	BND	39	3	3	1	5.7992	6.528	FALSE
chr15:51022976:G:]chr1:86528735]G	BND	40	3	3	1	6.0544	6.8867	FALSE
chr15:52156290:A:A]chr10:23877950]	BND	39	3	3	1	6.0544	6.8176	FALSE
chr15:58726383:T:]chr8:35678319]T	BND	40	3	3	1	6.8176	6.8837	FALSE
chr15:65672089:C:<DEL>	DEL	81	9	14	1.55555555555556	NA	NA	FALSE
chr15:74474705:T:T]chr6:49956218]	BND	47	5	5	1	6.9083	6.9727	FALSE
chr15:83866514:C:C[chrX:36745662[	BND	39	3	3	1	5.1683	6.6237	FALSE
chr15:92057551:C:C[chr2:52073329[	BND	37	3	3	1	4.7541	6.6006	FALSE
chr16:9247204:G:G[chr5:36828272[	BND	38	3	3	1	5.4299	6.5502	FALSE
chr16:12796578:A:AT]chr13:84462290]	BND	38	3	3	1	5.6246	6.5159	FALSE
chr16:19499221:A:A]chr8:81782405]	BND	44	4	4	1	6.1048	6.7706	FALSE
chr16:31532199:G:]chr20:42615978]TG	BND	37	3	3	1	6.0883	6.7201	FALSE
chr16:55042312:T:TT[chr14:48496359[	BND	38	3	3	1	6.7035	6.779	FALSE
chr16:60095263:T:T[chr13:35791986[	BND	40	4	4	1	5.982	6.6703	FALSE
chr16:64775759:G:G[chr20:24400185[	BND	39	3	3	1	5.495	6.4092	FALSE
chr16:65088350:G:[chr4:71021064[G	BND	40	3	3	1	5.495	6.3528	FALSE
chr16:71065809:G:GG[chr11:89646249[	BND	39	3	3	1	5.1583	6.571	FALSE
chr16:71209802:T:[chrX:11767578[T	BND	39	3	3	1	5.1583	6.5875	FALSE
chr16:79263074:G:G]chr15:24668723]	BND	37	3	3	1	5.9375	6.8013	FALSE
chr16:85591933:T:T[chr21:26895440[	BND	44	4	4	1	6.7374	6.8013	FALSE
chr16:94216861:A:[chr5:76411818[A	BND	39	3	3	1	5.9158	6.9358	FALSE
chr17:9307829:G:]chr9:22922604]G	BND	39	3	3	1	6.5666	6.9077	FALSE
chr17:12994233:C:C]chr11:69835784]	BND	43	4	4	1	6.5666	6.6434	FALSE
chr17:17393414:C:]chr20:42312852]C	BND	37	3	3	1	6.6434	6.9077	FALSE
chr17:29367662:C:[chr15:34832071[C	BND	42	8	4	0.5	7.0782	7.2141	FALSE
chr17:32910083:T:<DUP:TANDEM>	DUP	63	4	5	1.25	NA	NA	FALSE
chr17:33616478:A:<INV>	INV	393	65	63	0.969230769230769	NA	NA	FALSE
chr17:34877520:T:<INV>	INV	32	3	3	1	NA	NA	FALSE
chr17:55866475:C:C]chr4:13699490]	BND	41	3	3	1	6.1241	6.8327	FALSE
chr17:62669881:T:]chr6:64624015]T	BND	38	3	3	1	6.6109	6.6742	FALSE
chr17:64898039:C:<INV>	INV	32	3	3	1	NA	NA	FALSE
chr17:66751866:T:[chr20:47164580[AT	BND	36	3	3	1	5.8066	6.5942	FALSE
chr17:67392434:A:[chr8:59755227[A	BND	38	3	3	1	5.8066	6.5169	FALSE
chr18:2053154:T:T]chr11:28407288]	BND	42	4	4	1	6.515	7.082	FALSE
chr18:14132392:A:]chr11:67015506]A	BND	38	3	3	1	6.8777	6.9448	FALSE
chr18:21678665:T:[chr20:25564159[T	BND	372	54	74	1.37037037037037	6.8316	6.845	FALSE
chr18:34062860:G:G]chr10:73081619]	BND	41	3	3	1	6.3431	6.6145	FALSE
chr18:36266326:T:]chr12:24834544]T	BND	39	3	3	1	6.2816	6.3431	FALSE
chr18:38178808:A:[chr6:20544640[TA	BND	41	3	3	1	6.2816	6.6145	FALSE
chr18:62755396:A:]chr12:17320729]A	BND	41	3	3	1	6.6481	6.9698	FALSE
chr18:67202314:A:[chr21:14037321[A	BND	44	3	3	1	6.6481	7.1391	FALSE
chr20:6953680:C:C[chr12:3850573[	BND	34	3	3	1	5.9751	6.2208	FALSE
chr20:7897856:T:T[chr9:35349671[	BND	41	3	3	1	5.8565	5.9751	FALSE
chr20:18711148:A:<INV>	INV	32	3	3	1	NA	NA	FALSE
chr20:21771591:G:GA[chr3:16218668[	BND	44	3	3	1	6.2461	6.4197	FALSE
chr20:24400185:A:]chr16:64775759]A	BND	39	3	3	1	5.9376	6.0659	FALSE
chr20:25564158:A:[chr18:21678666[A	BND	372	54	74	1.37037037037037	6.0659	6.3075	FALSE
chr20:29411524:T:<DEL>	DEL	32	NA	7	NA	NA	NA	FALSE
chr20:40155829:C:<INV>	INV	334	96	125	1.30208333333333	NA	NA	FALSE
chr20:42312852:A:A[chr17:17393414[	BND	37	3	3	1	5.4816	6.144	FALSE
chr20:42615978:A:AT[chr16:31532199[	BND	37	3	3	1	5.4816	6.2295	FALSE
chr20:46382120:A:[chrX:23984518[TA	BND	37	3	3	1	5.4585	5.6454	FALSE
chr20:48335489:A:]chr7:24624216]A	BND	36	3	3	1	4.8105	6.0685	FALSE
chr20:50367881:C:[chr2:19803598[C	BND	36	3	3	1	5.6721	6.2062	FALSE
chr20:60468850:G:GA[chr6:56915088[	BND	36	3	3	1	5.3206	5.9972	FALSE
chr20:61462442:T:T[chr13:64784952[	BND	30	3	3	1	5.9972	6.0802	FALSE
chr19:10954932:T:<DUP:TANDEM>	DUP	41	3	3	1	NA	NA	FALSE
chr19:11116279:C:]chr2:23165409]C	BND	40	3	3	1	6.0681	6.9547	FALSE
chr19:11323185:G:<DUP:TANDEM>	DUP	258	34	42	1.23529411764706	NA	NA	FALSE
chr19:11334607:C:<INV>	INV	194	17	17	1	NA	NA	FALSE
chr19:11335257:C:<INV>	INV	120	24	13	0.541666666666667	NA	NA	FALSE
chr19:11608568:G:<INV>	INV	32	3	3	1	NA	NA	FALSE
chr19:12286017:T:]chrX:49619748]T	BND	39	3	3	1	6.0681	6.8943	FALSE
chr19:17355923:A:<INV>	INV	31	3	3	1	NA	NA	FALSE
chr19:21955417:T:<INV>	INV	35	3	3	1	NA	NA	FALSE
chr19:37068205:T:]chr6:7660451]CCCT	BND	30	2	2	1	6.3984	6.6136	FALSE
chr19:41785160:G:<INV>	INV	270	97	99	1.02061855670103	NA	NA	FALSE
chr19:47709166:A:A]chr8:37446504]	BND	37	3	3	1	6.5384	6.7569	FALSE
chr19:47815944:G:<INV>	INV	503	98	151	1.54081632653061	NA	NA	FALSE
chr19:53796676:G:G]chrX:11173525]	BND	49	NA	4	NA	1.5911	6.5794	FALSE
chr19:53796715:G:[chrX:11173118[G	BND	49	NA	4	NA	1.5911	6.5794	FALSE
chr19:56250041:G:<DEL>	DEL	85	NA	36	NA	NA	NA	FALSE
chr19:57593329:T:T]chrX:49444542]	BND	38	3	3	1	6.2232	6.5794	FALSE
chr19:59265179:A:]chr13:61586231]A	BND	40	4	4	1	6.2232	6.7379	FALSE
chr19:59305046:G:<DUP:TANDEM>	DUP	59	NA	13	NA	NA	NA	FALSE
chr22:2519178:G:<DEL>	DEL	30	NA	11	NA	NA	NA	FALSE
chr22:9456337:C:]chr14:4155088]C	BND	66	NA	10	NA	6.1901	6.8584	FALSE
chr22:11005335:A:A]chr13:13931573]	BND	32	NA	4	NA	6.1901	6.7535	FALSE
chr2:138780733:CCCCCACGTGATGAAAGAGCTAAAAGATGACCAGGGGATGGTGAGGCAACCTACA:C	DEL	53	11	0	0	NA	NA	FALSE
chr4:31388904:AGGTTGCCTGCTCACTCTGATGTTAGTTTCTTTTGCTGTGCAGAAGCTCTTTAGTTTAATTAGATCCCATTTGTCAATTTTGGCTTTTGTTGCCACTGCTTTTGGCGTTTTAGTGATGAAGTCTTTGCCCATGCCTATGTCCTGAATGGCATTGCCTAGGTTTTCTTCTAGGGTTTTTACAGTTTTAAGTTTTATGTTTAACTCTTTAATCTATCTTTTGAGTTAATTTTTGTATAAGGTGTAAGGAAGGGGTCCAGTTTCAGTTTTCTGCATATGGCTAGCCAGTTTTCCCAACACCATTTATTAAATAGGGAGTCCTTTCCCCATTTCTTGTTTGTGTCCGGTTTGCCAAAGATCAGATGGTTGTAGATGTGTGGTGTTATTTCTGAGGCCTCTGTTCTGTTCCATTTGTCTATGTATCTGTTTTGGTACCAGTACCATGCTGTTTTGGTTACTGTATCCTCGTAGTATAGTTTGAAGTCAGGTAGCGTGATGCCTCCAG:A	DEL	32	3	3	1	NA	NA	FALSE
chr4:46763501:TCCAACACTATGTTGAATAGGAGCGGTGAGAGAGGGCATCCCTGTCTTGTGCCGGTTTTCAAAGGGAATGCTTCCAGTTTTTGC:T	DEL	57	8	0	0	NA	NA	FALSE
chr4:116205922:A:<INS>	INS	139	70	0	0	NA	NA	FALSE
chr8:54640102:TTGATTTGTCTGATCATTTCTTTTTGAATAAATTCAGGGTTAAATATTTTGGCAAGTATTCTTC:T	DEL	49	11	0	0	NA	NA	FALSE
chr12:16508207:T:<INS>	INS	162	46	11	0.239130434782609	NA	NA	FALSE
chr13:55597571:CGGCCATCTCTGCCCCTGTGGCTTTCCAGAGTACAGCCTCCCTCCTGGCTGATTTCACGGGCTGGCATTGAGTGTCTGCAGCTTTTCCAGGAGCATGGTGCAAGCTCAGTGGATCTACCATTCTGG:C	DEL	74	17	0	0	NA	NA	FALSE
chr1:72074194:T:<DEL>	DEL	417	49	43	0.877551020408163	NA	NA	TRUE
chr1:128145822:TTCTCTGCACTGATCACCCAGGTGATGTAACTCTTGTCTAGGCTCCACCTACAGGGTGTATTGTGAGGTA:T	DEL	303	81	0	0	NA	NA	TRUE
chr3:104416018:G:<DEL>	DEL	456	72	92	1.27777777777778	NA	NA	TRUE
chr4:61003404:A:<DEL>	DEL	1136	90	119	1.32222222222222	NA	NA	TRUE
chr6:46517188:A:<DEL>	DEL	1024	67	81	1.2089552238806	NA	NA	TRUE
chr7:6524215:C:<DEL>	DEL	319	69	78	1.1304347826087	NA	NA	TRUE
chr7:70150871:T:<DUP:TANDEM>	DUP	132	17	10	0.588235294117647	NA	NA	TRUE
chrX:8081998:A:<DUP:TANDEM>	DUP	210	40	49	1.225	NA	NA	TRUE
chrX:23715006:A:<DUP:TANDEM>	DUP	279	55	95	1.72727272727273	NA	NA	TRUE
chrX:33844248:A:<DEL>	DEL	155	41	0	0	NA	NA	TRUE
chrX:78086051:C:<DEL>	DEL	345	37	50	1.35135135135135	NA	NA	TRUE
chr9:21966796:T:<DEL>	DEL	1175	80	97	1.2125	NA	NA	TRUE
chr8:75492874:A:<DEL>	DEL	325	79	5	0.0632911392405063	NA	NA	TRUE
chr11:39800274:CATATATATACATATATATATACGTATATATATATATACATATATATATACGTGTAT:C	DEL	180	41	0	0	NA	NA	TRUE
chr11:95803674:C:<DEL>	DEL	437	69	97	1.40579710144928	NA	NA	TRUE
chr10:20251686:G:<DEL>	DEL	345	41	33	0.804878048780488	NA	NA	TRUE
chr10:123710333:T:<DEL>	DEL	584	71	87	1.22535211267606	NA	NA	TRUE
chr12:106667029:A:<DUP:TANDEM>	DUP	610	97	107	1.10309278350515	NA	NA	TRUE
chr13:38755098:T:<DEL>	DEL	518	105	113	1.07619047619048	NA	NA	TRUE
chr13:83543011:TCCTCCAGACCCCAGAATGGTGGATCCACTGACAGCTTGCACCATGCGCCTGGAAAAGCCACAGAGACTCAATGCCAGCCTGTGAAAACAGCCAGGAGGGGGGCTATGCTCTGCAAATCCACAGGGGCGAAGCTGCCCAAGACTATGGGAACCTATCTCTTGCATCAGGGTGACCTGGATGTGAGACATGGCATCAAAAGAGATCACTTTGGAGCTTTAGAATTTTACTGCCCTGCTGGATTTTGAACTTGCGTGGACCCTGTAACCCCTTTGTATTGGTCAAATTCTCCCATTTGGAATGGCTGTATTTACCCAATACCTGTACCTCCGTTGCATCTAGGAAGTAAGTAGCTTTCTTTTGATATTACAGGCTCATAGGCAGAAGGGACTTGCCTTGTCTCAGATGAGACTTTGGACTGTGGACTTTTGGGTTAATGCTGAAATGAGTTTAAGACTTTGGGAGACTGTTGGGAAGGCATGACTGGTTTTGAAATGTGAAGACATGAGATTTAGAGGGGTCAGGGTGGAATTATATGGTTTGGCTCTGTGTCCCCACCCAAATTTCATCTTGAATCATACTCTCATCATTCCCACATGTTGTGGGAGGGATCCAGTGGGAGATAATTTGAATCATGGGGGCGGTTTCCCCCGTACTGTTCTCATGGTAGTGAATAAGTCTCATGAGATCTGATGATTTTATCAGTAGTTTCCACTTTTGCATCTCTCCCATTTTTTCTCTTGTCATCACCATGCAAGAAGTGCCTTTCACCTCCCGCAATGATTCTGAGG:T	DEL	377	60	37	0.616666666666667	NA	NA	TRUE
chr15:77295051:T:<DEL>	DEL	294	66	35	0.53030303030303	NA	NA	TRUE
chr17:32923280:G:<DEL>	DEL	283	35	28	0.8	NA	NA	TRUE
chr17:54808705:C:<DEL>	DEL	1109	149	157	1.05369127516779	NA	NA	TRUE
chr20:22037737:A:<DEL>	DEL	1139	79	98	1.24050632911392	NA	NA	TRUE
chr20:53567953:T:<DEL>	DEL	349	70	117	1.67142857142857	NA	NA	TRUE
chr19:4841852:A:<DEL>	DEL	85	7	13	1.85714285714286	NA	NA	TRUE
chr19:56214318:T:<DUP:TANDEM>	DUP	341	77	81	1.05194805194805	NA	NA	TRUE
chr1:150343822:GCCTCAGTCTCCCGAGTAGCTGGGATTACAGGTGGTGTCATCATGCTTGGCTACTTTTTTGTATTTTTAGTAGAGACGGGGTTTCACCTTGCTAGCCAGGATGATCTCGATCTCCTGACCCTGTGATATGCCCACCTTGGCCTCCCCAAGTGCTGGGATTACAGGCATGAGCC:G	DEL	194	53	26	0.490566037735849	NA	NA	TRUE
chr2:39798299:AGTGGGTTACTGGCCTGTTTACACAGAGGATGGGAAGAAAGGCTTGGGCTTAATAACTCAAAGCTTTTTTAAGCCTTCTAAGTTCCAAG:A	DEL	374	93	0	0	NA	NA	TRUE
chr2:149084354:AGAAAAAAGGAACCAATGAGATGAAGCTGTGTAAAATATTCTGATGAAGAATCACCTGGTATATTTGTTAAATGTATATTTCTGGGCCACATTCCAGATCAGCCAAATTGGAGTCTATGGGAGTAGCATCATTTAAAAATAAAT:A	DEL	325	73	9	0.123287671232877	NA	NA	TRUE
chr5:22185818:CATACTTTAACTTCATGTCTTCAGCAAAGAATGTCAAAAATTGAACGAAATATAT:C	DEL	293	68	0	0	NA	NA	TRUE
chr5:79663413:CCTGTAATCCCAGCTACTCAGGAGGCTGAGGCAGGAGAATCGCTTGAACCTGGGAGGCGGAGGTTGCAGTGAGTCGAG:C	DEL	527	82	0	0	NA	NA	TRUE
chr6:71877040:TTCTTCATTGACGCCTTGGCCTTTCAGGAGAATACTATTTAATTTCCATATATTTGTATAGTATCCATAGTTCTTCCTGTTATTGATTGCTAGTTTTATTCCATCATGGTCAGAGAAGATATTTGATG:TCAAATT	DEL	190	84	0	0	NA	NA	TRUE
chr6:73574679:AAGAGTAAATAGAAAGCTGAAAAAACCTGAGTAGAACTATAACTACCAGTATTTAACATTCTACTTACCAAAAAATGGGGAGAATACACCC:A	DEL	51	7	0	0	NA	NA	TRUE
chr7:6527589:CACACCACCACACCTGGCTAATTTTTGTATTTTTAGTAGAGACGGGTTTCACCATGTTGGCCAGGCT:CTATA	DEL	67	70	0	0	NA	NA	TRUE
chr7:19326669:AAGATCCAAAATTGACACCCTAACATCACAATTAAAAGAACTAGAAAAGCAAGAGCAGACACATTCAAAAGCTAGCAGAAGGCAAGAAATAACGAAAATCAGAGCAGAACTGAAGGAAATAGAGACACAAAAAACCCTTCAAAAAATTAATGAATCCAGGAGCTGGTTTTTTGAAAGGATCAACAAAATTGATAGACCACTAGCAAGACTAATAAAGAAAAAAAGACAGAAGAATCAAATAGACGCAAAAAAAATGATAAAGGGGATATCATCACTGATCCCACAGAAATACGAACTACCATCAGAGAATACTACAAACACCTCTATGCAAATAAACTAGAAAATCTAGAAGAAATGGATAAATTCCTCGACACATACACTCTCCCAAGACTAAACCAGGAAGAAGTTGAATCTCTGAAT:A	DEL	379	59	54	0.915254237288136	NA	NA	TRUE
chrX:44252698:CCAGCTACTCGGGAGGCTGAGGCAAGAGAAGCACTTGAACCCGGAAGGTGGAGGTTGCAGTGAGCCAAGAGCACGCCATTGCACTCCAGCCTTGGGTGACAGAGCGAGACTCCGTCTC:CT	DEL	186	57	0	0	NA	NA	TRUE
chr8:67883814:AATTCTCATTTTTTTCCTGTCTATTAAGATTCTTTGGTTTTTGGTCAAAGCCCTTTAACTGGATATATGGGGGACTTATTTTTTTGGCTGAAGATCTTGGAGTCTTCAGCTCC:A	DEL	320	86	0	0	NA	NA	TRUE
chr11:131022116:CAAGACCCATCAGTGTGCTGTATTCAGGAAACCCATCTCACGTGCAGAGACACACATAGGCTCAAAATAAAAGGATGGAGGAAGATCTACCAAGCAAATGGAAAACAAAAAAAGGCAGGAATTGCAATCCTAGTCTCTGATAAAACAGACTTTAAACCAACAAAGATTAAAAGAGACA:C	DEL	183	44	32	0.727272727272727	NA	NA	TRUE
chr10:124419865:AAGTGTTCAAATATTTTTAAAATGTTATGAAAACTGTGAACCCACAAATACAAGAAGCTCGATGAATCACAAGCAGAAGAAACATAAAGAAAATAAGACTTCATCATACCATATTCAAATTGCTTAAAATCAACAAAAAAGAGAAAACCCTCAAAGCAGCAGGGAAAAAAGACACAGTGTGTCCAAAAGGATCTTTCATTTGGCCTTTATGCTATT:A	DEL	252	40	23	0.575	NA	NA	TRUE
chr12:40627939:ATTGCAGTGCAATAAATGCACTGAAGTGGGGAAGAGAAAGCTGCCCTTTTACCCCTCTTGTTGTGTCCTATGTAGC:A	DEL	644	86	0	0	NA	NA	TRUE
chr14:55125033:AATTGTTCATTTTTACATGATTTTCTCCCTTCCAAATACCTTTATGTGGACACTTGCCAATATC:A	DEL	241	70	0	0	NA	NA	TRUE
chr14:55129940:TATTATACATATTTAACAAAAATGCTTCTGTTACATTTGCTACCTGTCTTAACCTACTATATCTTATCTTTACATTTTATACTTTACATTAATACTTTAAATGATACATGTTTATCCATTGCATCATTTACAGTATTTCATAACATAATTTATTTAACCAGTCTTCAATTAGACATTTAGGTCAGTTTTCATTTGTTGTTTTTATAAATAGAATCTTGCTAAATTTTTATGTGATCTTCTAATTATTTCATTAGCAAAAAATCCCTGGATTAACGGATGGACATGGCATGGCACGGTGGCTCACGCCTGTAATCCCAGTACTTTGAGAGGCTGAGGCAGGCGGATTACTTGAGGCCAGGAGTTTGAGACCAGCTTGGGCAATATGGTGGAACCTTGTTTCCACAAAAAATAAAAAAAATTAGCCAGGTGTGGTGGTGTGCATCTGTAATCCCAGCTACTCTGCAGGCTGAGAACCCAGGACTGCACTCCAACCTGGATGACAGAGCGAGACTGTCTTAAAACAAAACAAAACAAG:T	DEL	364	66	42	0.636363636363636	NA	NA	TRUE
chr20:42639170:CTGCCTCCACCACAGTCCAAGCTGCCACTTTCTTTCAACTGCAACCTCTTAATTGGTTTCCTGCTACTACACTGACCATCCCCACAGTATCCGGA:C	DEL	270	107	0	0	NA	NA	TRUE
chr21:19279911:TTCAAAAAAAAAATATCTTTCAAAACAACAAATACACCCTTTGACTCAGGCAAAACCCATTGGGGAGTGTATAGTTAAATTATACTTACAGTTTTGAAAGGATACATGAGCATATCAACAGAAGTAAAGACAGAGTAGAAGGGATATAGGAATAAACTGCATGTAACTACAGAAAAGACAGGGAAATAATGAGGAAATCAGAAAAAATAAGCTCCAAAATATTGCTAAAGGAAAATGGAAGGATAATGACTATTGTATATAGTATGCTTTTTTATATAAAAATACAAATATATGTATCTATGTACCCATCATCCATCCA:T	DEL	76	10	15	1.5	NA	NA	TRUE
